Workbook

Sheet 圖總表
A1: 次序 | B1: Filename | C1: 病歷號 | D1: 程度 | F1: A | G1: B | H1: C息肉 | I1: D出血 | J1: E發炎 | K1: I通道 | L1: J噴門 | M1: K異物 | N1: S器械 | O1: T文字 | P1: U氣泡 | Q1: V反光
A2: =ROW()-1 -> 1 | B2: 180518-0938-21.jpg | C2: 26001648 | D2: dysplasia | K2: 1 | P2: 3
A3: =ROW()-1 -> 2 | B3: 180518-0938-28.jpg | C3: 26001648 | D3: dysplasia | K3: 1
A4: =ROW()-1 -> 3 | B4: 180518-0938-39.jpg | C4: 26001648 | D4: dysplasia | K4: 1 | P4: 1 | Q4: 1
A5: =ROW()-1 -> 4 | B5: 180518-0938-47.jpg | C5: 26001648 | D5: dysplasia | K5: 1 | P5: 1 | Q5: 1
A6: =ROW()-1 -> 5 | B6: 180518-0938-52.jpg | C6: 26001648 | D6: dysplasia | K6: 1 | P6: 1 | Q6: 1
A7: =ROW()-1 -> 6 | B7: 180518-0939-00.jpg | C7: 26001648 | D7: dysplasia | P7: 1 | Q7: 17
A8: =ROW()-1 -> 7 | B8: 180518-0939-25.jpg | C8: 26001648 | D8: dysplasia | P8: 2 | Q8: 6
A9: =ROW()-1 -> 8 | B9: 190313-1101-43.jpg | C9: 26077278 | D9: dysplasia | P9: 3
A10: =ROW()-1 -> 9 | B10: 190313-1101-52.jpg | C10: 26077278 | D10: dysplasia | K10: 1 | P10: 3 | Q10: 2
A11: =ROW()-1 -> 10 | B11: 190313-1101-59.jpg | C11: 26077278 | D11: dysplasia | P11: 2
A12: =ROW()-1 -> 11 | B12: 190313-1102-03.jpg | C12: 26077278 | D12: dysplasia | K12: 1 | M12: 3 | P12: 1
A13: =ROW()-1 -> 12 | B13: 190313-1102-08.jpg | C13: 26077278 | D13: dysplasia | J13: 1 | K13: 1 | M13: 1 | P13: 4 | Q13: 1
A14: =ROW()-1 -> 13 | B14: 190313-1103-37.jpg | C14: 26077278 | D14: dysplasia | H14: 1 | K14: 1 | M14: 1 | P14: 2
A15: =ROW()-1 -> 14 | B15: 190313-1103-40.jpg | C15: 26077278 | D15: dysplasia | F15: 1 | H15: 1 | M15: 1 | P15: 1
A16: =ROW()-1 -> 15 | B16: 08888710 (2).jpg | C16: 8888710 | D16: normal | K16: 1 | P16: 2
A17: =ROW()-1 -> 16 | B17: 09132978_20141226_WL.jpg | C17: 9132978 | D17: dysplasia | K17: 1 | M17: 1 | P17: 8
A18: =ROW()-1 -> 17 | B18: 11218613 (2).jpg | C18: 11218613 | D18: normal | K18: 1 | Q18: 1
A19: =ROW()-1 -> 18 | B19: 14608492 (2).jpg | C19: 14608492 | D19: normal | K19: 1 | P19: 1
A20: =ROW()-1 -> 19 | B20: 17491749_20190422_ES_0_7_7.jpg | C20: 17491749 | D20: SCC | F20: 1 | G20: 1 | I20: 3 | K20: 1 | P20: 2 | Q20: 3
A21: =ROW()-1 -> 20 | B21: 17491749_20190422_ES_0_10_10.jpg | C21: 17491749 | D21: SCC | F21: 4 | G21: 1 | K21: 1 | Q21: 2
A22: =ROW()-1 -> 21 | B22: 17491749_20190422_ES_0_46_46.jpg | C22: 17491749 | D22: SCC | F22: 1 | G22: 2 | K22: 1 | Q22: 7
A23: =ROW()-1 -> 22 | B23: 18758056_20160115_WL SCC.jpg | C23: 18758056 | D23: SCC | K23: 1 | M23: 2
A24: =ROW()-1 -> 23 | B24: 18838646_20150508_WL.jpg | C24: 18838646 | D24: dysplasia | G24: 1 | K24: 1 | O24: 5
A25: =ROW()-1 -> 24 | B25: 19681681_20150626_WL.jpg | C25: 19681681 | D25: dysplasia | K25: 1
A26: =ROW()-1 -> 25 | B26: 19757962_20150312_SCC WL.jpg | C26: 19757962 | D26: SCC | I26: 5 | K26: 1
A27: =ROW()-1 -> 26 | B27: 21221648_20141030_WL.jpg | C27: 21221648 | D27: SCC | F27: 2 | G27: 2 | K27: 1
A28: =ROW()-1 -> 27 | B28: 21313923_20151118_WL.jpg | C28: 21313923 | D28: dysplasia | F28: 1 | K28: 1 | P28: 4
A29: =ROW()-1 -> 28 | B29: 21591967_20180927_ES_0_9_9.jpg | C29: 21591967 | D29: dysplasia | E29: JESB2 and B3, IPCL Vn SCC in situ | F29: 4 | G29: 1 | I29: 1 | K29: 1 | O29: 8
A30: =ROW()-1 -> 29 | B30: 21591967_20180927_ES_0_20_20.jpg | C30: 21591967 | D30: dysplasia | F30: 1 | K30: 1 | M30: 1 | O30: 8 | P30: 2
A31: =ROW()-1 -> 30 | B31: 21591967_20180927_ES_0_21_21.jpg | C31: 21591967 | D31: dysplasia | F31: 6 | O31: 8 | Q31: 3
A32: =ROW()-1 -> 31 | B32: 21591967_20180927_ES_0_30_30.jpg | C32: 21591967 | D32: dysplasia | G32: 2 | I32: 1 | K32: 1 | M32: 1 | O32: 8 | P32: 2
A33: =ROW()-1 -> 32 | B33: 21591967_20180927_ES_0_31_31.jpg | C33: 21591967 | D33: dysplasia | F33: 3 | G33: 1 | I33: 1 | K33: 1 | M33: 1 | O33: 8 | P33: 2 | Q33: 1
A34: =ROW()-1 -> 33 | B34: 21832900_20150918_WL.jpg | C34: 21832900 | D34: dysplasia | K34: 1 | O34: 9
A35: =ROW()-1 -> 34 | B35: 22141522_20150320_SCC WL.jpg | C35: 22141522 | D35: SCC | G35: 2 | I35: 1 | K35: 1 | M35: 1 | Q35: 1
A36: =ROW()-1 -> 35 | B36: 22523449_20131202_WL.jpg | C36: 22523449 | D36: dysplasia | K36: 1
A37: =ROW()-1 -> 36 | B37: 22948922_20141016_WL SCC.jpg | C37: 22948922 | D37: SCC | F37: 1 | G37: 2 | K37: 1 | M37: 3
A38: =ROW()-1 -> 37 | B38: 22979000_20150320_SCC WL.jpg | C38: 22979000 | D38: SCC | F38: 1 | K38: 1 | M38: 1 | P38: 1 | Q38: 1
A39: =ROW()-1 -> 38 | B39: 23516901_20131203_WL.jpg | C39: 23516901 | D39: dysplasia | F39: 2 | K39: 1
A40: =ROW()-1 -> 39 | B40: 24314682_20181012_ES_0_6_6.jpg | C40: 24314682 | D40: dysplasia | K40: 1 | P40: 1
A41: =ROW()-1 -> 40 | B41: 24314682_20181012_ES_0_7_7.jpg | C41: 24314682 | D41: dysplasia | K41: 1 | P41: 1
A42: =ROW()-1 -> 41 | B42: 24314682_20181012_ES_0_9_9.jpg | C42: 24314682 | D42: dysplasia | L42: 1
A43: =ROW()-1 -> 42 | B43: 24314682_20181012_ES_0_16_16.jpg | C43: 24314682 | D43: dysplasia | L43: 1 | Q43: 9
A44: =ROW()-1 -> 43 | B44: 24314682_20181012_ES_0_17_17.jpg | C44: 24314682 | D44: dysplasia | K44: 1 | Q44: 1
A45: =ROW()-1 -> 44 | B45: 24314682_20181012_ES_0_18_18.jpg | C45: 24314682 | D45: dysplasia | K45: 1 | P45: 2 | Q45: 1
A46: =ROW()-1 -> 45 | B46: 24314682_20181012_ES_0_19_19.jpg | C46: 24314682 | D46: dysplasia | K46: 1 | P46: 1
A47: =ROW()-1 -> 46 | B47: 24314682_20181012_ES_0_20_20.jpg | C47: 24314682 | D47: dysplasia | F47: 1 | K47: 1 | P47: 1
A48: =ROW()-1 -> 47 | B48: 24314682_20181012_ES_0_21_21.jpg | C48: 24314682 | D48: dysplasia | F48: 3 | K48: 1
A49: =ROW()-1 -> 48 | B49: 25338510_20140227_WL.jpg | C49: 25338510 | D49: dysplasia | K49: 1
A50: =ROW()-1 -> 49 | B50: 25456368_20150922_WL.jpg | C50: 25456368 | D50: dysplasia | F50: 2 | K50: 1
A51: =ROW()-1 -> 50 | B51: 26001648 (2).jpg | C51: 26001648 | D51: normal | K51: 1
A52: =ROW()-1 -> 51 | B52: 27090467_20160419_SCC_WL.jpg | C52: 27090467 | D52: SCC | F52: 1 | I52: 3 | K52: 1 | O52: 7 | Q52: 1
A53: =ROW()-1 -> 52 | B53: 27293119_20140513_WL.jpg | C53: 27293119 | D53: dysplasia | K53: 1 | M53: 13 | Q53: 3
A54: =ROW()-1 -> 53 | B54: 28748667_20131213_WL.jpg | C54: 28748667 | D54: SCC | F54: 1 | G54: 1 | P54: 6 | Q54: 8
A55: =ROW()-1 -> 54 | B55: 28951558_20140321_HGD.jpg | C55: 28951558 | D55: dysplasia | F55: 1 | K55: 1 | M55: 1 | O55: 7
A56: =ROW()-1 -> 55 | B56: 29148100_20140718_WL.jpg | C56: 29148100 | D56: dysplasia | K56: 1 | P56: 6
A57: =ROW()-1 -> 56 | B57: 29151408 (2).jpg | C57: 29151408 | D57: normal | K57: 1
A58: =ROW()-1 -> 57 | B58: 29154716_20140704_WL.jpg | C58: 29154716 | D58: dysplasia | F58: 2 | K58: 1 | M58: 2 | Q58: 1
A59: =ROW()-1 -> 58 | B59: 29350103_20141125_advanced SCC_WL.jpg | C59: 29350103 | D59: SCC | F59: 2 | G59: 4 | M59: 1 | P59: 2 | Q59: 8
A60: =ROW()-1 -> 59 | B60: 29361146_20140917_WL.jpg | C60: 29361146 | D60: dysplasia | K60: 1 | M60: 2 | P60: 1
A61: =ROW()-1 -> 60 | B61: 29567342_20150717_SCC WL.jpg | C61: 29567342 | D61: SCC | G61: 1 | K61: 1 | M61: 2
A62: =ROW()-1 -> 61 | B62: 29567342_20150717_WL.jpg | C62: 29567342 | D62: SCC | G62: 2 | K62: 1 | M62: 1 | Q62: 1
A63: =ROW()-1 -> 62 | B63: 29678793 (2).jpg | C63: 29678793 | D63: normal | K63: 1 | P63: 1
A64: =ROW()-1 -> 63 | B64: 29717095_20150313_SCC WL.jpg | C64: 29717095 | D64: SCC | G64: 3 | K64: 1 | M64: 1 | P64: 1 | Q64: 1
A65: =ROW()-1 -> 64 | B65: 29887996_20150714_ES_1_6.jpg | C65: 29887996 | D65: SCC | F65: 1 | I65: 5 | K65: 1 | O65: 5
A66: =ROW()-1 -> 65 | B66: 29887996_20150714_WL.jpg | C66: 29887996 | D66: SCC | F66: 1 | I66: 4 | K66: 1 | O66: 10
A67: =ROW()-1 -> 66 | B67: 29957871 (2).jpg | C67: 29957871 | D67: normal | K67: 1 | M67: 2 | P67: 2
A68: =ROW()-1 -> 67 | B68: 30003221_20150724_WL.jpg | C68: 30003221 | D68: dysplasia | F68: 1 | K68: 1 | M68: 4
A69: =ROW()-1 -> 68 | B69: 30105732_20150821_WL.jpg | C69: 30105732 | D69: dysplasia | F69: 1 | K69: 1 | O69: 7 | P69: 2
A70: =ROW()-1 -> 69 | B70: 30164936_20150925_WL.jpg | C70: 30164936 | D70: dysplasia | F70: 3 | K70: 1 | O70: 7
A71: =ROW()-1 -> 70 | B71: 30212385_20151103_WL IPCL V2.jpg | C71: 30212385 | D71: SCC | O71: 1 | P71: 6 | Q71: 1
A72: =ROW()-1 -> 71 | B72: 30212385_20151103_WL IPCL.jpg | C72: 30212385 | D72: SCC | O72: 1 | Q72: 4
A73: =ROW()-1 -> 72 | B73: 30212385_20151103_WL.jpg | C73: 30212385 | D73: SCC | F73: 3 | I73: 1 | K73: 1 | O73: 1
A74: =ROW()-1 -> 73 | B74: 31221702 (2).jpg | C74: 31221702 | D74: normal | K74: 1 | P74: 3
A75: =ROW()-1 -> 74 | B75: 31611503_20180809_ES_0_41_41.jpg | C75: 31611503 | D75: dysplasia | E75: NO LVL | F75: 3 | K75: 1 | M75: 3 | P75: 1
A76: =ROW()-1 -> 75 | B76: 31614251 (2).jpg | C76: 31614251 | D76: normal | K76: 1 | P76: 1
A77: =ROW()-1 -> 76 | B77: 32434028 (2).jpg | C77: 32434028 | D77: normal | L77: 1 | P77: 2 | Q77: 3
A78: =ROW()-1 -> 77 | B78: 32573090_20180810_ES_0_4_4.jpg | C78: 32573090 | D78: dysplasia | F78: 2 | K78: 1 | O78: 6 | P78: 4
A79: =ROW()-1 -> 78 | B79: 32573090_20180810_ES_0_5_5.jpg | C79: 32573090 | D79: dysplasia | F79: 5 | K79: 1 | O79: 6 | P79: 4
A80: =ROW()-1 -> 79 | B80: 32573090_20180810_ES_0_6_6.jpg | C80: 32573090 | D80: dysplasia | F80: 3 | K80: 1 | O80: 6 | P80: 1
A81: =ROW()-1 -> 80 | B81: 32573090_20180810_ES_0_7_7.jpg | C81: 32573090 | D81: dysplasia | F81: 1 | K81: 1 | O81: 6 | P81: 2 | Q81: 1
A82: =ROW()-1 -> 81 | B82: 32573090_20180810_ES_0_8_8.jpg | C82: 32573090 | D82: dysplasia | F82: 2 | K82: 1 | O82: 6 | P82: 3
A83: =ROW()-1 -> 82 | B83: 32573090_20180810_ES_0_9_9.jpg | C83: 32573090 | D83: dysplasia | L83: 1 | O83: 6 | Q83: 2
A84: =ROW()-1 -> 83 | B84: 32573090_20180810_ES_0_10_10.jpg | C84: 32573090 | D84: dysplasia | F84: 1 | L84: 1 | O84: 6 | Q84: 8
A85: =ROW()-1 -> 84 | B85: 32573090_20180810_ES_0_11_11.jpg | C85: 32573090 | D85: dysplasia | L85: 1 | O85: 6 | Q85: 1
A86: =ROW()-1 -> 85 | B86: 32648043_20180921_ES_0_6_6.jpg | C86: 32648043 | D86: dysplasia | E86: NO LVL | K86: 1 | Q86: 7
A87: =ROW()-1 -> 86 | B87: 32648043_20180921_ES_0_7_7.jpg | C87: 32648043 | D87: dysplasia | K87: 1 | P87: 1
A88: =ROW()-1 -> 87 | B88: 32648043_20180921_ES_0_8_8.jpg | C88: 32648043 | D88: dysplasia | F88: 3 | K88: 1 | P88: 2 | Q88: 1
A89: =ROW()-1 -> 88 | B89: 32648043_20180921_ES_0_9_9.jpg | C89: 32648043 | D89: dysplasia | F89: 5 | K89: 1 | P89: 1 | Q89: 1
A90: =ROW()-1 -> 89 | B90: 32648043_20180921_ES_0_10_10.jpg | C90: 32648043 | D90: dysplasia | F90: 4 | K90: 1 | P90: 2 | Q90: 1
A91: =ROW()-1 -> 90 | B91: 32648043_20180921_ES_0_11_11.jpg | C91: 32648043 | D91: dysplasia | F91: 3 | K91: 1 | M91: 1 | P91: 1
A92: =ROW()-1 -> 91 | B92: 32648043_20180921_ES_0_12_12.jpg | C92: 32648043 | D92: dysplasia | F92: 3 | K92: 1 | M92: 2 | P92: 2 | Q92: 1
A93: =ROW()-1 -> 92 | B93: 32648043_20180921_ES_0_13_13.jpg | C93: 32648043 | D93: dysplasia | F93: 2 | K93: 1 | M93: 1 | P93: 1
A94: =ROW()-1 -> 93 | B94: 32648043_20180921_ES_0_14_14.jpg | C94: 32648043 | D94: dysplasia | F94: 2 | K94: 1 | P94: 3
A95: =ROW()-1 -> 94 | B95: 32648043_20180921_ES_0_15_15.jpg | C95: 32648043 | D95: dysplasia | F95: 1 | K95: 1 | P95: 1
A96: =ROW()-1 -> 95 | B96: 32648043_20180921_ES_0_16_16.jpg | C96: 32648043 | D96: dysplasia | F96: 2 | L96: 1 | P96: 1 | Q96: 2
A97: =ROW()-1 -> 96 | B97: 32648043_20180921_ES_0_17_17.jpg | C97: 32648043 | D97: dysplasia | F97: 2 | L97: 1 | P97: 1 | Q97: 1
A98: =ROW()-1 -> 97 | B98: 32950182_20190118_ES_0_5_5.jpg | C98: 32950182 | D98: dysplasia | E98: LVL D | K98: 1 | M98: 3
A99: =ROW()-1 -> 98 | B99: 32950182_20190118_ES_0_6_6.jpg | C99: 32950182 | D99: dysplasia | F99: 1 | K99: 1 | M99: 3 | P99: 2
A100: =ROW()-1 -> 99 | B100: 32950182_20190118_ES_0_7_7.jpg | C100: 32950182 | D100: dysplasia | F100: 3 | K100: 1 | M100: 3
...

Sheet 病歷表
A1: 病歷號 | B1: 數量 | C1: 分級 | E1: 病例個數 | F1: =COUNTA(A:A)-1 -> 143
A2: {=IFERROR(INDEX(圖總表!$C$2:$C$2068, MATCH(0, COUNTIF($A$1:A1, 圖總表!$C$2:$C$2068), 0)), "")} -> 26001648 | B2: =COUNTIF(圖總表!$C$2:$C$2068,A2) -> 8 | C2: =VLOOKUP(A2,圖總表!C:D,2,0) -> dysplasia | E2: 圖總數 | F2: =SUM(B:B) -> 2067
A3: {=IFERROR(INDEX(圖總表!$C$2:$C$2068, MATCH(0, COUNTIF($A$1:A2, 圖總表!$C$2:$C$2068), 0)), "")} -> 26077278 | B3: =COUNTIF(圖總表!$C$2:$C$2068,A3) -> 7 | C3: =VLOOKUP(A3,圖總表!C:D,2,0) -> dysplasia
A4: {=IFERROR(INDEX(圖總表!$C$2:$C$2068, MATCH(0, COUNTIF($A$1:A3, 圖總表!$C$2:$C$2068), 0)), "")} -> 8888710 | B4: =COUNTIF(圖總表!$C$2:$C$2068,A4) -> 1 | C4: =VLOOKUP(A4,圖總表!C:D,2,0) -> normal
A5: {=IFERROR(INDEX(圖總表!$C$2:$C$2068, MATCH(0, COUNTIF($A$1:A4, 圖總表!$C$2:$C$2068), 0)), "")} -> 9132978 | B5: =COUNTIF(圖總表!$C$2:$C$2068,A5) -> 1 | C5: =VLOOKUP(A5,圖總表!C:D,2,0) -> dysplasia
A6: {=IFERROR(INDEX(圖總表!$C$2:$C$2068, MATCH(0, COUNTIF($A$1:A5, 圖總表!$C$2:$C$2068), 0)), "")} -> 11218613 | B6: =COUNTIF(圖總表!$C$2:$C$2068,A6) -> 1 | C6: =VLOOKUP(A6,圖總表!C:D,2,0) -> normal
A7: {=IFERROR(INDEX(圖總表!$C$2:$C$2068, MATCH(0, COUNTIF($A$1:A6, 圖總表!$C$2:$C$2068), 0)), "")} -> 14608492 | B7: =COUNTIF(圖總表!$C$2:$C$2068,A7) -> 1 | C7: =VLOOKUP(A7,圖總表!C:D,2,0) -> normal
A8: {=IFERROR(INDEX(圖總表!$C$2:$C$2068, MATCH(0, COUNTIF($A$1:A7, 圖總表!$C$2:$C$2068), 0)), "")} -> 17491749 | B8: =COUNTIF(圖總表!$C$2:$C$2068,A8) -> 3 | C8: =VLOOKUP(A8,圖總表!C:D,2,0) -> SCC
A9: {=IFERROR(INDEX(圖總表!$C$2:$C$2068, MATCH(0, COUNTIF($A$1:A8, 圖總表!$C$2:$C$2068), 0)), "")} -> 18758056 | B9: =COUNTIF(圖總表!$C$2:$C$2068,A9) -> 1 | C9: =VLOOKUP(A9,圖總表!C:D,2,0) -> SCC
A10: {=IFERROR(INDEX(圖總表!$C$2:$C$2068, MATCH(0, COUNTIF($A$1:A9, 圖總表!$C$2:$C$2068), 0)), "")} -> 18838646 | B10: =COUNTIF(圖總表!$C$2:$C$2068,A10) -> 1 | C10: =VLOOKUP(A10,圖總表!C:D,2,0) -> dysplasia
A11: {=IFERROR(INDEX(圖總表!$C$2:$C$2068, MATCH(0, COUNTIF($A$1:A10, 圖總表!$C$2:$C$2068), 0)), "")} -> 19681681 | B11: =COUNTIF(圖總表!$C$2:$C$2068,A11) -> 1 | C11: =VLOOKUP(A11,圖總表!C:D,2,0) -> dysplasia
A12: {=IFERROR(INDEX(圖總表!$C$2:$C$2068, MATCH(0, COUNTIF($A$1:A11, 圖總表!$C$2:$C$2068), 0)), "")} -> 19757962 | B12: =COUNTIF(圖總表!$C$2:$C$2068,A12) -> 1 | C12: =VLOOKUP(A12,圖總表!C:D,2,0) -> SCC
A13: {=IFERROR(INDEX(圖總表!$C$2:$C$2068, MATCH(0, COUNTIF($A$1:A12, 圖總表!$C$2:$C$2068), 0)), "")} -> 21221648 | B13: =COUNTIF(圖總表!$C$2:$C$2068,A13) -> 1 | C13: =VLOOKUP(A13,圖總表!C:D,2,0) -> SCC
A14: {=IFERROR(INDEX(圖總表!$C$2:$C$2068, MATCH(0, COUNTIF($A$1:A13, 圖總表!$C$2:$C$2068), 0)), "")} -> 21313923 | B14: =COUNTIF(圖總表!$C$2:$C$2068,A14) -> 1 | C14: =VLOOKUP(A14,圖總表!C:D,2,0) -> dysplasia
... A144: {=IFERROR(INDEX(圖總表!$C$2:$C$2068, MATCH(0, COUNTIF($A$1:A143, 圖總表!$C$2:$C$2068), 0)), "")} -> 24505911 | B144: =COUNTIF(圖總表!$C$2:$C$2068,A144) -> 7 | C144: =VLOOKUP(A144,圖總表!C:D,2,0) -> Dysplasia

Sheet 分級表
A1: 分級統計 | B1: 病例數 | C1: 圖片數量 | D1: 備註
A2: {=IFERROR(INDEX(病歷表!$C$2:$C$3416, MATCH(0, COUNTIF($A$1:A1, 病歷表!$C$2:$C$3416), 0)), "")} -> dysplasia | B2: =COUNTIF(病歷表!C:C,A2) -> 47 | C2: =SUMIF(病歷表!$C$2:$C$200,A2,病歷表!$B$2:$B$200) -> 441
A3: {=IFERROR(INDEX(病歷表!$C$2:$C$3416, MATCH(0, COUNTIF($A$1:A2, 病歷表!$C$2:$C$3416), 0)), "")} -> normal | B3: =COUNTIF(病歷表!C:C,A3) -> 67 | C3: =SUMIF(病歷表!$C$2:$C$200,A3,病歷表!$B$2:$B$200) -> 1258
A4: {=IFERROR(INDEX(病歷表!$C$2:$C$3416, MATCH(0, COUNTIF($A$1:A3, 病歷表!$C$2:$C$3416), 0)), "")} -> SCC | B4: =COUNTIF(病歷表!C:C,A4) -> 29 | C4: =SUMIF(病歷表!$C$2:$C$200,A4,病歷表!$B$2:$B$200) -> 368
B5: =SUM(B2:B4) -> 143 | C5: =SUM(C2:C4) -> 2067

Sheet 無分類
A2: =ROW()-1 -> 1 | B2: img0000000406_normal.jpg | C2: 其他
A3: =ROW()-1 -> 2 | B3: img0000000407_normal.jpg | C3: 其他
A4: =ROW()-1 -> 3 | B4: img0000000410_normal.jpg | C4: 其他
A5: =ROW()-1 -> 4 | B5: img0000000605_normal.jpg | C5: 其他
A6: =ROW()-1 -> 5 | B6: img0000000645_normal.jpg | C6: 其他
A7: =ROW()-1 -> 6 | B7: img0000000755_normal.jpg | C7: 其他
A8: =ROW()-1 -> 7 | B8: img0000000761_normal.jpg | C8: 其他
A9: =ROW()-1 -> 8 | B9: img0000000800_normal.jpg | C9: 其他
A10: =ROW()-1 -> 9 | B10: img0000000801_normal.jpg | C10: 其他
A11: =ROW()-1 -> 10 | B11: img0000000802_normal.jpg | C11: 其他
A12: =ROW()-1 -> 11 | B12: img0000000804_normal.jpg | C12: 其他
A13: =ROW()-1 -> 12 | B13: img0000000805_normal.jpg | C13: 其他
... A180: =ROW()-1 -> 179 | B180: img0010849063_normal.jpg | C180: 其他
A181: =ROW()-1 -> 180 | B181: REC20220510-172051659__000067.jpg | C181: 其他 | D181: 20220510-20220905_KMUH
A182: =ROW()-1 -> 181 | B182: REC20220510-172051659__000077.jpg | C182: 其他
A183: =ROW()-1 -> 182 | B183: REC20220510-172051659__000085.jpg | C183: 其他
A184: =ROW()-1 -> 183 | B184: REC20220510-172051659__000485.jpg | C184: 其他
A185: =ROW()-1 -> 184 | B185: REC20220510-172051659__000495.jpg | C185: 其他
A186: =ROW()-1 -> 185 | B186: REC20220510-172051659__000497.jpg | C186: 其他
A187: =ROW()-1 -> 186 | B187: REC20220510-172051659__000501.jpg | C187: 其他
A188: =ROW()-1 -> 187 | B188: REC20220510-172051659__001635.jpg | C188: 其他
A189: =ROW()-1 -> 188 | B189: REC20220510-172051659__006927.jpg | C189: 其他
A190: =ROW()-1 -> 189 | B190: REC20220510-172051659__006937.jpg | C190: 其他
A191: =ROW()-1 -> 190 | B191: REC20220510-172051659__006945.jpg | C191: 其他
A192: =ROW()-1 -> 191 | B192: REC20220510-172051659__006951.jpg | C192: 其他
A193: =ROW()-1 -> 192 | B193: REC20220510-172051659__007011.jpg | C193: 其他
A194: =ROW()-1 -> 193 | B194: REC20220524-111408864__000005.jpg | C194: 其他 | D194: 20220510-20220905_KMUH
A195: =ROW()-1 -> 194 | B195: REC20220524-111408864__000021.jpg | C195: 其他
A196: =ROW()-1 -> 195 | B196: REC20220524-111408864__000025.jpg | C196: 其他
A197: =ROW()-1 -> 196 | B197: REC20220524-111408864__000027.jpg | C197: 其他
A198: =ROW()-1 -> 197 | B198: REC20220524-111408864__000031.jpg | C198: 其他
A199: =ROW()-1 -> 198 | B199: REC20220524-111408864__000035.jpg | C199: 其他
A200: =ROW()-1 -> 199 | B200: REC20220524-111408864__000381.jpg | C200: 其他
A201: =ROW()-1 -> 200 | B201: REC20220524-111408864__000405.jpg | C201: 其他
A202: =ROW()-1 -> 201 | B202: REC20220524-111408864__000447.jpg | C202: 其他
A203: =ROW()-1 -> 202 | B203: REC20220524-111408864__000461.jpg | C203: 其他
A204: =ROW()-1 -> 203 | B204: REC20220524-111408864__000465.jpg | C204: 其他
A205: =ROW()-1 -> 204 | B205: REC20220524-111408864__000477.jpg | C205: 其他
A206: =ROW()-1 -> 205 | B206: REC20220524-111408864__000481.jpg | C206: 其他
... A236: =ROW()-1 -> 235 | B236: REC20220524-111408864__006431.jpg | C236: 其他
A237: =ROW()-1 -> 236 | B237: REC20220524-113344273__004033.jpg | C237: 其他 | D237: 20220510-20220905_KMUH
A238: =ROW()-1 -> 237 | B238: REC20220524-113344273__004035.jpg | C238: 其他
A239: =ROW()-1 -> 238 | B239: REC20220524-113344273__004039.jpg | C239: 其他
A240: =ROW()-1 -> 239 | B240: REC20220524-113344273__004047.jpg | C240: 其他
A241: =ROW()-1 -> 240 | B241: REC20220524-113344273__004051.jpg | C241: 其他
A242: =ROW()-1 -> 241 | B242: REC20220524-113344273__004055.jpg | C242: 其他
A243: =ROW()-1 -> 242 | B243: REC20220524-113344273__004061.jpg | C243: 其他
A244: =ROW()-1 -> 243 | B244: REC20220524-113344273__004065.jpg | C244: 其他
A245: =ROW()-1 -> 244 | B245: REC20220524-113344273__004069.jpg | C245: 其他
A246: =ROW()-1 -> 245 | B246: REC20220524-113344273__004071.jpg | C246: 其他
A247: =ROW()-1 -> 246 | B247: REC20220524-113344273__004075.jpg | C247: 其他
A248: =ROW()-1 -> 247 | B248: REC20220524-113344273__004077.jpg | C248: 其他
A249: =ROW()-1 -> 248 | B249: REC20220524-113344273__004081.jpg | C249: 其他
... A258: =ROW()-1 -> 257 | B258: REC20220524-113344273__004137.jpg | C258: 其他
A259: =ROW()-1 -> 258 | B259: REC20220531-091147652__000003.jpg | C259: 其他 | D259: 20220510-20220905_KMUH
A260: =ROW()-1 -> 259 | B260: REC20220531-091147652__000017.jpg | C260: 其他
A261: =ROW()-1 -> 260 | B261: REC20220531-091147652__000053.jpg | C261: 其他
A262: =ROW()-1 -> 261 | B262: REC20220531-091147652__000063.jpg | C262: 其他
A263: =ROW()-1 -> 262 | B263: REC20220531-091147652__000075.jpg | C263: 其他
A264: =ROW()-1 -> 263 | B264: REC20220531-091147652__000077.jpg | C264: 其他
A265: =ROW()-1 -> 264 | B265: REC20220531-091147652__000081.jpg | C265: 其他
A266: =ROW()-1 -> 265 | B266: REC20220531-091147652__000093.jpg | C266: 其他
A267: =ROW()-1 -> 266 | B267: REC20220531-091147652__000097.jpg | C267: 其他
A268: =ROW()-1 -> 267 | B268: REC20220531-091147652__000105.jpg | C268: 其他
A269: =ROW()-1 -> 268 | B269: REC20220531-091147652__000111.jpg | C269: 其他
A270: =ROW()-1 -> 269 | B270: REC20220531-091147652__000119.jpg | C270: 其他
A271: =ROW()-1 -> 270 | B271: REC20220531-091147652__000121.jpg | C271: 其他
... A287: =ROW()-1 -> 286 | B287: REC20220531-091147652__001283.jpg | C287: 其他
A288: =ROW()-1 -> 287 | B288: REC20220531-102139635__000009.jpg | C288: 其他 | D288: 20220510-20220905_KMUH
A289: =ROW()-1 -> 288 | B289: REC20220531-102139635__000011.jpg | C289: 其他
A290: =ROW()-1 -> 289 | B290: REC20220531-102139635__000025.jpg | C290: 其他
A291: =ROW()-1 -> 290 | B291: REC20220531-102139635__000027.jpg | C291: 其他
A292: =ROW()-1 -> 291 | B292: REC20220531-102139635__000035.jpg | C292: 其他
A293: =ROW()-1 -> 292 | B293: REC20220531-102139635__000037.jpg | C293: 其他
A294: =ROW()-1 -> 293 | B294: REC20220531-102139635__000045.jpg | C294: 其他
A295: =ROW()-1 -> 294 | B295: REC20220531-102139635__000049.jpg | C295: 其他
A296: =ROW()-1 -> 295 | B296: REC20220531-102139635__000055.jpg | C296: 其他
A297: =ROW()-1 -> 296 | B297: REC20220531-102139635__000057.jpg | C297: 其他
A298: =ROW()-1 -> 297 | B298: REC20220531-102139635__000065.jpg | C298: 其他
A299: =ROW()-1 -> 298 | B299: REC20220531-102139635__000067.jpg | C299: 其他
A300: =ROW()-1 -> 299 | B300: REC20220531-102139635__000077.jpg | C300: 其他
... A315: =ROW()-1 -> 314 | B315: REC20220531-102139635__001489.jpg | C315: 其他
A316: =ROW()-1 -> 315 | B316: REC20220613-170439941__000435.jpg | C316: 其他 | D316: 20220510-20220905_KMUH
A317: =ROW()-1 -> 316 | B317: REC20220613-170439941__000436.jpg | C317: 其他
A318: =ROW()-1 -> 317 | B318: REC20220613-170439941__000442.jpg | C318: 其他
A319: =ROW()-1 -> 318 | B319: REC20220613-170439941__000443.jpg | C319: 其他
A320: =ROW()-1 -> 319 | B320: REC20220613-170439941__000449.jpg | C320: 其他
A321: =ROW()-1 -> 320 | B321: REC20220613-170439941__000450.jpg | C321: 其他
A322: =ROW()-1 -> 321 | B322: REC20220613-170439941__000456.jpg | C322: 其他
A323: =ROW()-1 -> 322 | B323: REC20220613-170439941__000457.jpg | C323: 其他
A324: =ROW()-1 -> 323 | B324: REC20220613-170439941__000463.jpg | C324: 其他
A325: =ROW()-1 -> 324 | B325: REC20220613-170439941__000464.jpg | C325: 其他
A326: =ROW()-1 -> 325 | B326: REC20220613-170439941__000470.jpg | C326: 其他
A327: =ROW()-1 -> 326 | B327: REC20220613-170439941__000471.jpg | C327: 其他
A328: =ROW()-1 -> 327 | B328: REC20220613-170439941__000477.jpg | C328: 其他
... A368: =ROW()-1 -> 367 | B368: REC20220613-170439941__000958.jpg | C368: 其他
A369: =ROW()-1 -> 368 | B369: REC20220614-101619622__000001.jpg | C369: 其他 | D369: 20220510-20220905_KMUH
A370: =ROW()-1 -> 369 | B370: REC20220614-101619622__000193.jpg | C370: 其他
A371: =ROW()-1 -> 370 | B371: REC20220614-101619622__000247.jpg | C371: 其他
A372: =ROW()-1 -> 371 | B372: REC20220614-101619622__000511.jpg | C372: 其他
...
